team,coach_name,tenure_days,tactical_style,preferred_formation
Algeria,Vladimir Petković,1051,Possession-based,3-5-2
Argentina,Lionel Scaloni,2850,Pragmatic / Flexible,4-3-3
Australia,Tony Popovic,2890,Direct / High Workrate,4-2-3-1
Austria,Ralf Rangnick,1500,Gegenpressing,4-2-3-1
Belgium,Domenico Tedesco,1220,Gegenpressing,4-3-3
Bosnia and Herzegovina,Sergej Barbarez,212,Low-block / Counter,4-2-3-1
Brazil,Dorival Júnior,890,Attacking Possession,4-2-3-1
Canada,Jesse Marsch,390,Gegenpressing,4-2-2-2
Cape Verde,Bubista,319,Low-block / Counter,3-5-2
Colombia,Néstor Lorenzo,1450,High Press / Transition,4-2-3-1
Croatia,Zlatko Dalić,3170,Possession-based,4-3-3
Curaçao,Dick Advocaat,1348,Possession-based,3-5-2
Czech Republic,Ivan Hašek,1253,Possession-based,4-2-3-1
DR Congo,Sébastien Desabre,346,High Press / Transition,3-5-2
Ecuador,Sebastián Beccacece,1180,Possession-based,4-3-3
Egypt,Hossam Hassan,130,Direct Attack,4-3-3
England,Thomas Tuchel,3480,Pragmatic / Control,4-2-3-1
France,Didier Deschamps,5090,Pragmatic / Defensive,4-2-3-1
Germany,Julian Nagelsmann,990,High Pressing / Gegenpressing,4-2-3-1
Ghana,Otto Addo,302,High Press / Transition,3-5-2
Haiti,Sébastien Migné,500,Pragmatic,4-2-3-1
Iran,Amir Ghalenoei,379,Possession-based,4-2-3-1
Iraq,Jesús Casas,297,Low-block / Counter,3-5-2
Ivory Coast,Emerse Faé,851,High Press / Transition,4-3-3
Japan,Hajime Moriyasu,2880,Pragmatic / Transition,4-2-3-1
Jordan,Jamal Sellami,1324,High Press / Transition,3-5-2
Mexico,Javier Aguirre,1090,Attacking Possession,4-3-3
Morocco,Walid Regragui,1380,Low-block / Counter,4-1-4-1
Netherlands,Ronald Koeman,1260,Possession-based,4-3-3
New Zealand,Darren Bazeley,1449,High Press / Transition,4-3-3
Norway,Ståle Solbakken,759,High Press / Transition,3-5-2
Panama,Thomas Christiansen,502,Low-block / Counter,3-5-2
Paraguay,Gustavo Alfaro,246,High Press / Transition,3-5-2
Portugal,Roberto Martínez,1260,Possession-based,4-3-3
Qatar,Tintín Márquez,588,Possession-based,3-5-2
Saudi Arabia,Hervé Renard,437,High Press / Transition,4-3-3
Scotland,Steve Clarke,572,Low-block / Counter,3-5-2
Senegal,Pape Thiaw,4110,Pragmatic / Defensive,4-3-3
South Africa,Hugo Broos,1421,Pragmatic,3-5-2
South Korea,Hong Myung-bo,340,Pragmatic,4-2-3-1
Spain,Luis de la Fuente,1260,Attacking Possession / Pressing,4-3-3
Sweden,Jon Dahl Tomasson,243,Low-block / Counter,4-3-3
Switzerland,Murat Yakin,1780,Defensive Structure,3-4-2-1
Tunisia,Kais Yaâkoubi,980,Low-block / Counter,4-3-3
Turkey,Vincenzo Montella,980,Attacking / Fluid,4-2-3-1
United States,Mauricio Pochettino,1050,Possession-based,4-3-3
Uruguay,Marcelo Bielsa,1120,High Pressing / Gegenpressing,4-3-3
Uzbekistan,Srečko Katanec,1427,Low-block / Counter,4-3-3
